[
  {
    "id": 1,
    "title": "PORTFOLIO TITLE 1",
    "excerpt": "Lorem ipsum dolor sit amet cons.",
    "thumb": "/assets/images/portfolio/portfolio-col-grid-four-img-01.jpg"
  },
  {
    "id": 2,
    "title": "PORTFOLIO TITLE 2",
    "excerpt": "Lorem ipsum dolor sit amet cons.",
    "thumb": "/assets/images/portfolio/portfolio-col-grid-four-img-02.jpg"
  },
  {
    "id": 3,
    "title": "PORTFOLIO TITLE 3",
    "excerpt": "Lorem ipsum dolor sit amet cons.",
    "thumb": "/assets/images/portfolio/portfolio-col-grid-four-img-03.jpg"
  },
  {
    "id": 4,
    "title": "PORTFOLIO TITLE 4",
    "excerpt": "Lorem ipsum dolor sit amet cons.",
    "thumb": "/assets/images/portfolio/portfolio-col-grid-four-img-04.jpg"
  },
  {
    "id": 5,
    "title": "PORTFOLIO TITLE 5",
    "excerpt": "Lorem ipsum dolor sit amet cons.",
    "thumb": "/assets/images/portfolio/portfolio-col-grid-four-img-05.jpg"
  },
  {
    "id": 6,
    "title": "PORTFOLIO TITLE 6",
    "excerpt": "Lorem ipsum dolor sit amet cons.",
    "thumb": "/assets/images/portfolio/portfolio-col-grid-four-img-08.jpg"
  },
  {
    "id": 7,
    "title": "PORTFOLIO TITLE 7",
    "excerpt": "Lorem ipsum dolor sit amet cons.",
    "thumb": "/assets/images/portfolio/portfolio-col-grid-four-img-07.jpg"
  },
  {
    "id": 8,
    "title": "PORTFOLIO TITLE 8",
    "excerpt": "Lorem ipsum dolor sit amet cons.",
    "thumb": "/assets/images/portfolio/portfolio-col-grid-four-img-06.jpg"
  }
]