[
  {
    "id": 1,
    "title": "Marbel<br>Comic Books",
    "url": "/shop"
  },
  {
    "id": 2,
    "title": "CD<br>Comic Books",
    "url": "/shop"
  },
  {
    "id": 3,
    "title": "Power<br>Rangers",
    "url": "/shop"
  },
  {
    "id": 4,
    "title": "The Walking<br>Dead",
    "url": "/shop"
  },
  {
    "id": 5,
    "title": "BOOM!<br>Studios",
    "url": "/shop"
  },
  {
    "id": 6,
    "title": "Dark<br>Horse",
    "url": "/shop"
  },
  {
    "id": 7,
    "title": "Dynamite Entertainment",
    "url": "/shop"
  },
  {
    "id": 8,
    "title": "IDW Publishing",
    "url": "/shop"
  },
  {
    "id": 9,
    "title": "Image",
    "url": "/shop"
  },
  {
    "id": 10,
    "title": "Independent",
    "url": "/shop"
  },
  {
    "id": 11,
    "title": "Titan Comics",
    "url": "/shop"
  },
  {
    "id": 12,
    "title": "TKO Studios",
    "url": "/shop"
  },
  {
    "id": 13,
    "title": "Transformers",
    "url": "/shop"
  },
  {
    "id": 14,
    "title": "Star Wars",
    "url": "/shop"
  },
  {
    "id": 15,
    "title": "Manga",
    "url": "/shop"
  }
]