[
  {
    "id": 1,
    "title": "BUZZEE",
    "url": "/shop"
  },
  {
    "id": 2,
    "title": "CHEF'S PLANET",
    "url": "/shop"
  },
  {
    "id": 3,
    "title": "CHEFMAN",
    "url": "/shop"
  },
  {
    "id": 4,
    "title": "DANSK",
    "url": "/shop"
  },
  {
    "id": 5,
    "title": "DREAMFARM",
    "url": "/shop"
  },
  {
    "id": 6,
    "title": "FUGA",
    "url": "/shop"
  },
  {
    "id": 7,
    "title": "GOURMIA",
    "url": "/shop"
  },
  {
    "id": 8,
    "title": "HARIO",
    "url": "/shop"
  },
  {
    "id": 9,
    "title": "IF YOU CARE",
    "url": "/shop"
  },
  {
    "id": 10,
    "title": "KALORIK",
    "url": "/shop"
  },
  {
    "id": 11,
    "title": "KOOLATRON",
    "url": "/shop"
  },
  {
    "id": 12,
    "title": "MAUVIEL USA",
    "url": "/shop"
  }
]