[
  {
    "id": 1,
    "image": "/assets/images/skins/baby/portfolio/img-01.jpg",
    "thumb": "/assets/images/skins/baby/portfolio/img-01.jpg"
  },
  {
    "id": 2,
    "image": "/assets/images/skins/baby/portfolio/img-02.jpg",
    "thumb": "/assets/images/skins/baby/portfolio/img-02.jpg"
  },
  {
    "id": 3,
    "image": "/assets/images/skins/baby/portfolio/img-03.jpg",
    "thumb": "/assets/images/skins/baby/portfolio/img-03.jpg"
  },
  {
    "id": 4,
    "image": "/assets/images/skins/baby/portfolio/img-04.jpg",
    "thumb": "/assets/images/skins/baby/portfolio/img-04.jpg"
  },
  {
    "id": 5,
    "image": "/assets/images/skins/baby/portfolio/img-05.jpg",
    "thumb": "/assets/images/skins/baby/portfolio/img-05.jpg"
  },
  {
    "id": 6,
    "image": "/assets/images/skins/baby/portfolio/img-06.jpg",
    "thumb": "/assets/images/skins/baby/portfolio/img-06.jpg"
  },
  {
    "id": 7,
    "image": "/assets/images/skins/baby/portfolio/img-07.jpg",
    "thumb": "/assets/images/skins/baby/portfolio/img-07.jpg"
  },
  {
    "id": 8,
    "image": "/assets/images/skins/baby/portfolio/img-08.jpg",
    "thumb": "/assets/images/skins/baby/portfolio/img-08.jpg"
  },
  {
    "id": 9,
    "image": "/assets/images/skins/baby/portfolio/img-09.jpg",
    "thumb": "/assets/images/skins/baby/portfolio/img-09.jpg"
  },
  {
    "id": 10,
    "image": "/assets/images/skins/baby/portfolio/img-10.jpg",
    "thumb": "/assets/images/skins/baby/portfolio/img-10.jpg"
  }
]