[
  {
    "id": 1,
    "title": null,
    "subTitle": null,
    "content": null,
    "btnText": null,
    "btnLink": null,
    "btnClass":  null,
    "bgImage": "/assets/images/skins/electronics/slides/slide-01.png"
  },
  {
    "id": 2,
    "title": null,
    "subTitle": null,
    "content":null,
    "btnText": null,
    "btnLink": null,
    "btnClass":  null,
    "bgImage": "/assets/images/skins/electronics/slides/slide-02.png"
  },
  {
    "id": 3,
    "title": null,
    "subTitle": null,
    "content": null,
    "btnText": null,
    "btnLink": null,
    "btnClass":  null,
    "bgImage": "/assets/images/skins/electronics/slides/slide-03.png"
  }
]