[
  {
    "id": 1,
    "subTitle": "<div class=\"tp-caption1-wd-1 tt-white-color\">Fredrik Backman</div>",
    "title": "<div class=\"tp-caption1-wd-2 tt-white-color\">Bear Town</div>",
    "content": "<div class=\"tp-caption1-wd-3 tt-white-color\">From The New York Times Bestselling Author of<br>A Man Called Ove</div>",
    "btnText": "SHOP NOW!",
    "btnLink": "/shop",
    "btnClass": "no-radius",
    "thumb": "/assets/images/skins/books/slides/slide-01.jpg",
    "extraClass": ""
  },
  {
    "id": 2,
    "subTitle": "<div class=\"tp-caption1-wd-1 tt-white-color\">Logan Change</div>",
    "title": "<div class=\"tp-caption1-wd-2 tt-white-color\">STUCK</div>",
    "content": "<div class=\"tp-caption1-wd-3 tt-white-color\">A movie star romance</div>",
    "btnText": "SHOP NOW!",
    "btnLink": "/shop",
    "btnClass": "no-radius",
    "thumb": "/assets/images/skins/books/slides/slide-02.jpg",
    "extraClass": ""
  },
  {
    "id": 3,
    "subTitle": "<div class=\"tp-caption1-wd-1 tt-white-color\">Anthony Bourdan</div>",
    "title": "<div class=\"tp-caption1-wd-2 tt-white-color\">Kitchen<br>Confidental</div>",
    "content": "<div class=\"tp-caption1-wd-3 tt-white-color\">Adventures in the culinary underbelly</div>",
    "btnText": "SHOP NOW!",
    "btnLink": "/shop",
    "btnClass": "no-radius",
    "thumb": "/assets/images/skins/books/slides/slide-03.jpg",
    "extraClass": ""
  }
]